<config xmlns:xsi="http://www.w3.org/2001/XMLSchema-instance" xsi:noNamespaceSchemaLocation="urn:magento:framework:ObjectManager/etc/config.xsd">
    <type name="Magento\Framework\Console\CommandListInterface">
        <arguments>
            <argument name="commands" xsi:type="array">
                <item name="ari_pagecachedebug_dump" xsi:type="object">\Ari\PageCacheDebug\Console\Command\Dump</item>
                <item name="ari_pagecachedebug_islayoutcacheable" xsi:type="object">\Ari\PageCacheDebug\Console\Command\IsLayoutCacheableCommand</item>
            </argument>
        </arguments>
    </type>
</config>